项目,训练集边框损失,训练目标检测损失,训练集分类损失,Precision,Recall,mAP@.5,mAP@.5:.95,验证集边界框损失,验证集目标检测损失,验证集分类损失
改进前,0.02142,0.006889,0,0.9389,0.9007,0.9539,0.8456,0.03563,0.007852,0
改进后1,0.02176,0.00702,0,0.9486,0.8816,0.9525,0.8407,0.03569,0.007944,0
改进后2,0.02142,0.006889,0,0.9389,0.9007,0.9539,0.8456,0.03563,0.007852,0
改进后3,0.02176,0.00702,0,0.9486,0.8816,0.9525,0.8407,0.03569,0.007944,0